gene	position	entropy
E	9	0.016
E	55	0.016
E	62	0.016
E	65	0.016
E	71	0.093
E	73	0.016
M	2	0.016
M	4	0.016
M	19	0.016
M	28	0.016
M	31	0.016
M	60	0.030
M	70	0.030
M	75	0.016
M	81	0.016
M	82	0.695
M	89	0.016
M	109	0.053
M	142	0.016
M	155	0.016
M	161	0.016
M	209	0.033
N	3	0.656
N	8	0.042
N	9	0.016
N	13	0.134
N	14	0.030
N	28	0.030
N	29	0.016
N	30	0.090
N	33	0.016
N	38	0.016
N	63	0.647
N	67	0.016
N	80	0.404
N	90	0.016
N	103	0.016
N	119	0.016
N	139	0.030
N	147	0.016
N	151	0.016
N	152	0.016
N	156	0.053
N	161	0.030
N	173	0.030
N	193	0.046
N	194	0.042
N	199	0.053
N	201	0.042
N	202	0.042
N	203	0.918
N	204	0.858
N	205	0.190
N	206	0.033
N	207	0.016
N	208	0.106
N	209	0.105
N	210	0.053
N	212	0.030
N	213	0.016
N	214	0.103
N	215	0.633
N	218	0.016
N	220	0.069
N	221	0.016
N	229	0.033
N	230	0.016
N	234	0.110
N	235	0.655
N	236	0.016
N	245	0.016
N	251	0.063
N	267	0.016
N	281	0.016
N	289	0.016
N	308	0.016
N	325	0.016
N	327	0.053
N	331	0.016
N	362	0.063
N	364	0.016
N	365	0.030
N	366	0.030
N	374	0.016
N	377	0.670
N	379	0.042
N	383	0.016
N	384	0.016
N	385	0.127
N	391	0.042
N	402	0.042
N	412	0.016
N	413	0.069
N	418	0.016
ORF1a	24	0.016
ORF1a	37	0.016
ORF1a	49	0.016
ORF1a	78	0.042
ORF1a	82	0.016
ORF1a	83	0.033
ORF1a	84	0.053
ORF1a	85	0.016
ORF1a	86	0.016
ORF1a	87	0.016
ORF1a	101	0.016
ORF1a	102	0.030
ORF1a	104	0.053
ORF1a	110	0.042
ORF1a	114	0.016
ORF1a	120	0.016
ORF1a	121	0.016
ORF1a	138	0.016
ORF1a	139	0.042
ORF1a	141	0.042
ORF1a	142	0.042
ORF1a	143	0.071
ORF1a	172	0.016
ORF1a	184	0.030
ORF1a	197	0.016
ORF1a	203	0.030
ORF1a	207	0.030
ORF1a	211	0.030
ORF1a	212	0.016
ORF1a	216	0.016
ORF1a	217	0.016
ORF1a	260	0.033
ORF1a	261	0.144
ORF1a	265	0.159
ORF1a	279	0.016
ORF1a	280	0.016
ORF1a	281	0.016
ORF1a	287	0.016
ORF1a	291	0.016
ORF1a	295	0.016
ORF1a	309	0.195
ORF1a	322	0.030
ORF1a	335	0.030
ORF1a	339	0.016
ORF1a	340	0.016
ORF1a	343	0.030
ORF1a	346	0.016
ORF1a	350	0.016
ORF1a	355	0.016
ORF1a	377	0.016
ORF1a	380	0.127
ORF1a	385	0.016
ORF1a	388	0.093
ORF1a	402	0.016
ORF1a	403	0.127
ORF1a	417	0.016
ORF1a	428	0.016
ORF1a	431	0.030
ORF1a	443	0.016
ORF1a	450	0.016
ORF1a	451	0.016
ORF1a	454	0.016
ORF1a	460	0.030
ORF1a	472	0.016
ORF1a	493	0.016
ORF1a	498	0.030
ORF1a	516	0.016
ORF1a	519	0.053
ORF1a	523	0.016
ORF1a	528	0.016
ORF1a	535	0.030
ORF1a	538	0.016
ORF1a	550	0.033
ORF1a	555	0.016
ORF1a	560	0.016
ORF1a	580	0.063
ORF1a	599	0.016
ORF1a	609	0.033
ORF1a	610	0.016
ORF1a	627	0.016
ORF1a	629	0.053
ORF1a	634	0.016
ORF1a	635	0.016
ORF1a	640	0.030
ORF1a	646	0.016
ORF1a	647	0.016
ORF1a	648	0.016
ORF1a	665	0.016
ORF1a	669	0.016
ORF1a	671	0.033
ORF1a	680	0.016
ORF1a	690	0.016
ORF1a	691	0.016
ORF1a	698	0.016
ORF1a	708	0.030
ORF1a	728	0.016
ORF1a	730	0.063
ORF1a	746	0.016
ORF1a	776	0.073
ORF1a	814	0.016
ORF1a	823	0.016
ORF1a	840	0.016
ORF1a	859	0.093
ORF1a	868	0.016
ORF1a	882	0.030
ORF1a	884	0.016
ORF1a	891	0.016
ORF1a	892	0.016
ORF1a	903	0.016
ORF1a	913	0.016
ORF1a	928	0.030
ORF1a	932	0.016
ORF1a	938	0.016
ORF1a	944	0.042
ORF1a	945	0.016
ORF1a	953	0.030
ORF1a	959	0.063
ORF1a	961	0.016
ORF1a	964	0.030
ORF1a	967	0.016
ORF1a	971	0.063
ORF1a	999	0.042
ORF1a	1001	0.656
ORF1a	1023	0.016
ORF1a	1027	0.030
ORF1a	1028	0.030
ORF1a	1039	0.016
ORF1a	1043	0.016
ORF1a	1054	0.016
ORF1a	1055	0.063
ORF1a	1056	0.016
ORF1a	1068	0.016
ORF1a	1069	0.016
ORF1a	1073	0.016
ORF1a	1076	0.030
ORF1a	1101	0.016
ORF1a	1108	0.042
ORF1a	1136	0.016
ORF1a	1137	0.016
ORF1a	1143	0.053
ORF1a	1146	0.030
ORF1a	1155	0.016
ORF1a	1160	0.016
ORF1a	1167	0.016
ORF1a	1168	0.030
ORF1a	1182	0.016
ORF1a	1186	0.030
ORF1a	1188	0.408
ORF1a	1191	0.033
ORF1a	1196	0.063
ORF1a	1202	0.030
ORF1a	1205	0.016
ORF1a	1207	0.016
ORF1a	1209	0.016
ORF1a	1213	0.016
ORF1a	1223	0.016
ORF1a	1246	0.053
ORF1a	1259	0.016
ORF1a	1276	0.016
ORF1a	1283	0.016
ORF1a	1291	0.016
ORF1a	1293	0.016
ORF1a	1306	0.578
ORF1a	1321	0.016
ORF1a	1322	0.016
ORF1a	1344	0.016
ORF1a	1352	0.016
ORF1a	1374	0.030
ORF1a	1407	0.016
ORF1a	1433	0.016
ORF1a	1440	0.030
ORF1a	1464	0.016
ORF1a	1468	0.030
ORF1a	1473	0.033
ORF1a	1474	0.016
ORF1a	1490	0.016
ORF1a	1496	0.136
ORF1a	1507	0.030
ORF1a	1523	0.016
ORF1a	1527	0.016
ORF1a	1534	0.016
ORF1a	1538	0.063
ORF1a	1542	0.053
ORF1a	1545	0.090
ORF1a	1558	0.016
ORF1a	1567	0.118
ORF1a	1586	0.016
ORF1a	1596	0.016
ORF1a	1609	0.030
ORF1a	1612	0.016
ORF1a	1637	0.016
ORF1a	1639	0.030
ORF1a	1640	0.350
ORF1a	1655	0.063
ORF1a	1662	0.016
ORF1a	1679	0.016
ORF1a	1708	0.656
ORF1a	1739	0.016
ORF1a	1750	0.016
ORF1a	1758	0.016
ORF1a	1795	0.400
ORF1a	1825	0.016
ORF1a	1849	0.016
ORF1a	1854	0.033
ORF1a	1855	0.016
ORF1a	1862	0.016
ORF1a	1874	0.016
ORF1a	1890	0.016
ORF1a	1895	0.016
ORF1a	1921	0.016
ORF1a	1929	0.016
ORF1a	1944	0.016
ORF1a	1946	0.042
ORF1a	1950	0.016
ORF1a	1963	0.016
ORF1a	1991	0.053
ORF1a	2001	0.042
ORF1a	2016	0.030
ORF1a	2018	0.016
ORF1a	2021	0.016
ORF1a	2026	0.016
ORF1a	2029	0.016
ORF1a	2030	0.016
ORF1a	2035	0.016
ORF1a	2043	0.016
ORF1a	2046	0.576
ORF1a	2055	0.046
ORF1a	2062	0.016
ORF1a	2069	0.016
ORF1a	2077	0.016
ORF1a	2092	0.136
ORF1a	2094	0.030
ORF1a	2101	0.016
ORF1a	2103	0.042
ORF1a	2106	0.016
ORF1a	2121	0.159
ORF1a	2123	0.073
ORF1a	2124	0.016
ORF1a	2130	0.016
ORF1a	2134	0.016
ORF1a	2137	0.016
ORF1a	2144	0.016
ORF1a	2146	0.016
ORF1a	2147	0.063
ORF1a	2151	0.016
ORF1a	2154	0.016
ORF1a	2159	0.016
ORF1a	2166	0.016
ORF1a	2183	0.030
ORF1a	2193	0.016
ORF1a	2199	0.016
ORF1a	2224	0.030
ORF1a	2230	0.655
ORF1a	2249	0.016
ORF1a	2259	0.159
ORF1a	2264	0.016
ORF1a	2265	0.016
ORF1a	2273	0.016
ORF1a	2274	0.016
ORF1a	2283	0.030
ORF1a	2285	0.016
ORF1a	2287	0.588
ORF1a	2293	0.016
ORF1a	2303	0.016
ORF1a	2312	0.016
ORF1a	2332	0.016
ORF1a	2345	0.063
ORF1a	2387	0.030
ORF1a	2396	0.030
ORF1a	2442	0.016
ORF1a	2454	0.016
ORF1a	2459	0.016
ORF1a	2500	0.016
ORF1a	2511	0.073
ORF1a	2529	0.093
ORF1a	2534	0.016
ORF1a	2535	0.016
ORF1a	2541	0.030
ORF1a	2551	0.016
ORF1a	2554	0.030
ORF1a	2578	0.016
ORF1a	2588	0.016
ORF1a	2589	0.016
ORF1a	2596	0.016
ORF1a	2606	0.042
ORF1a	2607	0.053
ORF1a	2609	0.016
ORF1a	2620	0.016
ORF1a	2622	0.016
ORF1a	2631	0.016
ORF1a	2637	0.016
ORF1a	2648	0.016
ORF1a	2659	0.030
ORF1a	2661	0.016
ORF1a	2695	0.016
ORF1a	2699	0.016
ORF1a	2729	0.016
ORF1a	2733	0.016
ORF1a	2739	0.016
ORF1a	2780	0.030
ORF1a	2786	0.042
ORF1a	2798	0.016
ORF1a	2810	0.016
ORF1a	2817	0.016
ORF1a	2833	0.030
ORF1a	2836	0.016
ORF1a	2838	0.016
ORF1a	2846	0.042
ORF1a	2869	0.016
ORF1a	2910	0.016
ORF1a	2928	0.042
ORF1a	2930	0.576
ORF1a	2936	0.063
ORF1a	2952	0.030
ORF1a	2953	0.030
ORF1a	2967	0.030
ORF1a	2972	0.016
ORF1a	2980	0.042
ORF1a	2994	0.030
ORF1a	3027	0.016
ORF1a	3056	0.016
ORF1a	3082	0.016
ORF1a	3116	0.042
ORF1a	3117	0.016
ORF1a	3129	0.016
ORF1a	3138	0.016
ORF1a	3143	0.030
ORF1a	3158	0.016
ORF1a	3162	0.030
ORF1a	3163	0.016
ORF1a	3201	0.119
ORF1a	3202	0.016
ORF1a	3209	0.369
ORF1a	3210	0.016
ORF1a	3220	0.016
ORF1a	3221	0.016
ORF1a	3222	0.053
ORF1a	3255	0.603
ORF1a	3278	0.053
ORF1a	3280	0.016
ORF1a	3284	0.073
ORF1a	3287	0.030
ORF1a	3310	0.016
ORF1a	3353	0.188
ORF1a	3368	0.016
ORF1a	3371	0.016
ORF1a	3395	0.016
ORF1a	3447	0.016
ORF1a	3454	0.016
ORF1a	3456	0.016
ORF1a	3461	0.016
ORF1a	3476	0.042
ORF1a	3486	0.016
ORF1a	3488	0.016
ORF1a	3489	0.016
ORF1a	3509	0.016
ORF1a	3527	0.016
ORF1a	3546	0.016
ORF1a	3559	0.073
ORF1a	3571	0.119
ORF1a	3573	0.073
ORF1a	3580	0.016
ORF1a	3596	0.016
ORF1a	3606	0.063
ORF1a	3611	0.016
ORF1a	3615	0.033
ORF1a	3616	0.016
ORF1a	3618	0.053
ORF1a	3620	0.016
ORF1a	3628	0.016
ORF1a	3644	0.030
ORF1a	3646	0.599
ORF1a	3665	0.016
ORF1a	3675	0.701
ORF1a	3676	0.713
ORF1a	3677	0.724
ORF1a	3687	0.042
ORF1a	3691	0.030
ORF1a	3697	0.016
ORF1a	3703	0.016
ORF1a	3705	0.016
ORF1a	3718	0.341
ORF1a	3729	0.080
ORF1a	3736	0.016
ORF1a	3737	0.033
ORF1a	3749	0.030
ORF1a	3750	0.235
ORF1a	3752	0.042
ORF1a	3759	0.049
ORF1a	3767	0.016
ORF1a	3772	0.016
ORF1a	3802	0.016
ORF1a	3829	0.102
ORF1a	3847	0.030
ORF1a	3903	0.016
ORF1a	3929	0.042
ORF1a	3930	0.016
ORF1a	3944	0.016
ORF1a	3950	0.016
ORF1a	3952	0.016
ORF1a	3959	0.030
ORF1a	3966	0.109
ORF1a	3995	0.016
ORF1a	4035	0.030
ORF1a	4049	0.016
ORF1a	4065	0.016
ORF1a	4083	0.030
ORF1a	4087	0.030
ORF1a	4090	0.030
ORF1a	4097	0.016
ORF1a	4101	0.016
ORF1a	4102	0.016
ORF1a	4129	0.016
ORF1a	4136	0.016
ORF1a	4158	0.016
ORF1a	4159	0.016
ORF1a	4161	0.016
ORF1a	4175	0.042
ORF1a	4182	0.030
ORF1a	4189	0.016
ORF1a	4197	0.016
ORF1a	4207	0.016
ORF1a	4223	0.030
ORF1a	4247	0.016
ORF1a	4249	0.016
ORF1a	4277	0.016
ORF1a	4302	0.016
ORF1a	4308	0.016
ORF1a	4350	0.030
ORF1a	4355	0.102
ORF1a	4374	0.016
ORF1a	4391	0.016
ORF1a	4398	0.016
ORF1b	12	0.016
ORF1b	52	0.016
ORF1b	60	0.016
ORF1b	67	0.016
ORF1b	76	0.016
ORF1b	82	0.053
ORF1b	83	0.030
ORF1b	85	0.016
ORF1b	86	0.016
ORF1b	115	0.016
ORF1b	127	0.016
ORF1b	141	0.016
ORF1b	144	0.033
ORF1b	165	0.016
ORF1b	168	0.016
ORF1b	170	0.030
ORF1b	176	0.016
ORF1b	183	0.042
ORF1b	187	0.042
ORF1b	189	0.030
ORF1b	218	0.259
ORF1b	219	0.016
ORF1b	240	0.016
ORF1b	248	0.016
ORF1b	251	0.016
ORF1b	260	0.030
ORF1b	280	0.016
ORF1b	283	0.016
ORF1b	310	0.016
ORF1b	314	0.000
ORF1b	370	0.030
ORF1b	373	0.016
ORF1b	376	0.030
ORF1b	464	0.016
ORF1b	469	0.016
ORF1b	485	0.016
ORF1b	505	0.016
ORF1b	512	0.046
ORF1b	517	0.016
ORF1b	520	0.016
ORF1b	565	0.016
ORF1b	576	0.016
ORF1b	582	0.016
ORF1b	596	0.016
ORF1b	629	0.016
ORF1b	634	0.073
ORF1b	662	0.658
ORF1b	701	0.016
ORF1b	710	0.030
ORF1b	730	0.030
ORF1b	765	0.030
ORF1b	809	0.030
ORF1b	829	0.016
ORF1b	970	0.016
ORF1b	976	0.030
ORF1b	984	0.016
ORF1b	1000	0.658
ORF1b	1001	0.080
ORF1b	1011	0.083
ORF1b	1023	0.016
ORF1b	1028	0.030
ORF1b	1087	0.073
ORF1b	1092	0.016
ORF1b	1095	0.016
ORF1b	1117	0.042
ORF1b	1126	0.016
ORF1b	1129	0.030
ORF1b	1181	0.016
ORF1b	1182	0.042
ORF1b	1184	0.016
ORF1b	1197	0.053
ORF1b	1215	0.053
ORF1b	1223	0.030
ORF1b	1257	0.083
ORF1b	1264	0.400
ORF1b	1273	0.016
ORF1b	1288	0.030
ORF1b	1290	0.030
ORF1b	1306	0.016
ORF1b	1315	0.016
ORF1b	1342	0.063
ORF1b	1352	0.093
ORF1b	1363	0.016
ORF1b	1383	0.195
ORF1b	1387	0.016
ORF1b	1397	0.016
ORF1b	1414	0.030
ORF1b	1427	0.030
ORF1b	1432	0.053
ORF1b	1441	0.016
ORF1b	1446	0.063
ORF1b	1452	0.016
ORF1b	1493	0.030
ORF1b	1499	0.016
ORF1b	1504	0.016
ORF1b	1507	0.016
ORF1b	1511	0.053
ORF1b	1521	0.030
ORF1b	1522	0.016
ORF1b	1540	0.053
ORF1b	1550	0.016
ORF1b	1559	0.016
ORF1b	1561	0.016
ORF1b	1567	0.030
ORF1b	1568	0.033
ORF1b	1570	0.073
ORF1b	1581	0.016
ORF1b	1583	0.016
ORF1b	1594	0.016
ORF1b	1596	0.016
ORF1b	1642	0.016
ORF1b	1643	0.053
ORF1b	1649	0.042
ORF1b	1658	0.016
ORF1b	1666	0.030
ORF1b	1674	0.016
ORF1b	1681	0.030
ORF1b	1691	0.016
ORF1b	1698	0.016
ORF1b	1706	0.073
ORF1b	1719	0.016
ORF1b	1727	0.016
ORF1b	1743	0.016
ORF1b	1774	0.030
ORF1b	1840	0.016
ORF1b	1844	0.016
ORF1b	1847	0.030
ORF1b	1848	0.046
ORF1b	1852	0.016
ORF1b	1869	0.016
ORF1b	1873	0.016
ORF1b	1878	0.016
ORF1b	1889	0.016
ORF1b	1905	0.016
ORF1b	1918	0.576
ORF1b	1967	0.030
ORF1b	1975	0.118
ORF1b	1998	0.016
ORF1b	2006	0.016
ORF1b	2063	0.016
ORF1b	2070	0.016
ORF1b	2073	0.042
ORF1b	2076	0.016
ORF1b	2088	0.016
ORF1b	2116	0.016
ORF1b	2148	0.016
ORF1b	2163	0.030
ORF1b	2165	0.016
ORF1b	2218	0.030
ORF1b	2222	0.016
ORF1b	2256	0.063
ORF1b	2263	0.016
ORF1b	2269	0.016
ORF1b	2270	0.016
ORF1b	2285	0.127
ORF1b	2306	0.016
ORF1b	2310	0.110
ORF1b	2312	0.071
ORF1b	2321	0.016
ORF1b	2335	0.016
ORF1b	2339	0.030
ORF1b	2340	0.016
ORF1b	2363	0.016
ORF1b	2371	0.063
ORF1b	2388	0.016
ORF1b	2399	0.016
ORF1b	2432	0.016
ORF1b	2497	0.016
ORF1b	2499	0.016
ORF1b	2507	0.016
ORF1b	2510	0.016
ORF1b	2513	0.053
ORF1b	2514	0.042
ORF1b	2518	0.016
ORF1b	2537	0.016
ORF1b	2557	0.093
ORF1b	2576	0.046
ORF1b	2578	0.016
ORF1b	2579	0.030
ORF1b	2581	0.042
ORF1b	2584	0.016
ORF1b	2612	0.069
ORF1b	2613	0.100
ORF1b	2616	0.016
ORF1b	2617	0.016
ORF1b	2619	0.016
ORF1b	2635	0.119
ORF1b	2666	0.016
ORF3a	2	0.016
ORF3a	6	0.016
ORF3a	12	0.016
ORF3a	15	0.046
ORF3a	16	0.016
ORF3a	21	0.016
ORF3a	22	0.016
ORF3a	23	0.016
ORF3a	26	0.668
ORF3a	27	0.046
ORF3a	28	0.016
ORF3a	29	0.016
ORF3a	31	0.033
ORF3a	33	0.016
ORF3a	35	0.016
ORF3a	36	0.016
ORF3a	37	0.016
ORF3a	38	0.016
ORF3a	39	0.016
ORF3a	42	0.127
ORF3a	44	0.016
ORF3a	49	0.016
ORF3a	52	0.016
ORF3a	53	0.016
ORF3a	54	0.016
ORF3a	57	0.245
ORF3a	58	0.016
ORF3a	63	0.016
ORF3a	78	0.063
ORF3a	83	0.016
ORF3a	85	0.042
ORF3a	89	0.030
ORF3a	98	0.016
ORF3a	100	0.042
ORF3a	104	0.058
ORF3a	106	0.016
ORF3a	108	0.016
ORF3a	110	0.042
ORF3a	112	0.016
ORF3a	127	0.016
ORF3a	131	0.073
ORF3a	134	0.016
ORF3a	149	0.102
ORF3a	151	0.083
ORF3a	155	0.016
ORF3a	171	0.093
ORF3a	172	0.033
ORF3a	183	0.016
ORF3a	187	0.016
ORF3a	188	0.016
ORF3a	193	0.016
ORF3a	194	0.016
ORF3a	202	0.030
ORF3a	210	0.016
ORF3a	213	0.016
ORF3a	217	0.016
ORF3a	221	0.016
ORF3a	223	0.016
ORF3a	224	0.033
ORF3a	225	0.016
ORF3a	236	0.016
ORF3a	238	0.030
ORF3a	240	0.058
ORF3a	242	0.033
ORF3a	253	0.404
ORF3a	254	0.100
ORF3a	256	0.016
ORF3a	266	0.016
ORF3a	268	0.030
ORF3a	269	0.030
ORF6	20	0.016
ORF6	21	0.016
ORF6	27	0.016
ORF6	29	0.016
ORF6	33	0.090
ORF6	42	0.016
ORF6	48	0.016
ORF6	54	0.016
ORF6	57	0.030
ORF6	59	0.033
ORF7a	10	0.016
ORF7a	16	0.016
ORF7a	17	0.016
ORF7a	22	0.042
ORF7a	23	0.053
ORF7a	26	0.016
ORF7a	27	0.016
ORF7a	28	0.016
ORF7a	34	0.016
ORF7a	38	0.016
ORF7a	44	0.016
ORF7a	45	0.102
ORF7a	58	0.016
ORF7a	62	0.063
ORF7a	66	0.033
ORF7a	71	0.119
ORF7a	72	0.042
ORF7a	73	0.058
ORF7a	74	0.042
ORF7a	75	0.042
ORF7a	76	0.042
ORF7a	80	0.016
ORF7a	82	0.667
ORF7a	83	0.016
ORF7a	84	0.058
ORF7a	93	0.016
ORF7a	94	0.016
ORF7a	98	0.016
ORF7a	99	0.046
ORF7a	105	0.016
ORF7a	112	0.016
ORF7a	115	0.016
ORF7a	116	0.188
ORF7a	119	0.042
ORF7a	120	0.660
ORF7b	2	0.016
ORF7b	4	0.030
ORF7b	5	0.030
ORF7b	12	0.033
ORF7b	13	0.016
ORF7b	14	0.082
ORF7b	29	0.033
ORF7b	32	0.016
ORF7b	39	0.016
ORF7b	40	0.578
ORF7b	43	0.030
ORF8	1	0.063
ORF8	2	0.063
ORF8	4	0.016
ORF8	11	0.165
ORF8	14	0.016
ORF8	18	0.016
ORF8	19	0.016
ORF8	20	0.016
ORF8	27	0.655
ORF8	32	0.016
ORF8	36	0.033
ORF8	37	0.016
ORF8	38	0.080
ORF8	51	0.030
ORF8	52	0.670
ORF8	61	0.093
ORF8	62	0.016
ORF8	65	0.046
ORF8	67	0.073
ORF8	68	0.477
ORF8	69	0.073
ORF8	70	0.016
ORF8	73	0.656
ORF8	82	0.016
ORF8	83	0.016
ORF8	86	0.016
ORF8	87	0.016
ORF8	88	0.016
ORF8	89	0.016
ORF8	92	0.400
ORF8	95	0.016
ORF8	101	0.016
ORF8	106	0.063
ORF8	118	0.016
ORF8	119	0.655
ORF8	120	0.670
ORF8	121	0.046
ORF9b	5	0.053
ORF9b	6	0.016
ORF9b	10	0.093
ORF9b	16	0.016
ORF9b	17	0.030
ORF9b	25	0.046
ORF9b	26	0.016
ORF9b	27	0.073
ORF9b	30	0.016
ORF9b	32	0.016
ORF9b	35	0.016
ORF9b	36	0.016
ORF9b	38	0.059
ORF9b	50	0.016
ORF9b	53	0.042
ORF9b	57	0.016
ORF9b	60	0.647
ORF9b	64	0.016
ORF9b	70	0.016
ORF9b	72	0.042
ORF9b	77	0.404
ORF9b	83	0.042
ORF9b	86	0.016
ORF9b	93	0.016
S	5	0.144
S	6	0.016
S	9	0.033
S	12	0.030
S	14	0.030
S	15	0.016
S	18	0.437
S	19	0.661
S	20	0.432
S	21	0.033
S	26	0.445
S	27	0.016
S	66	0.016
S	67	0.042
S	69	0.666
S	70	0.689
S	75	0.030
S	76	0.030
S	77	0.016
S	78	0.016
S	80	0.157
S	83	0.016
S	95	0.437
S	98	0.053
S	106	0.016
S	126	0.053
S	138	0.466
S	142	0.537
S	143	0.030
S	144	0.739
S	145	0.080
S	146	0.016
S	148	0.033
S	150	0.053
S	152	0.053
S	153	0.016
S	154	0.093
S	155	0.046
S	156	0.688
S	157	0.718
S	158	0.672
S	176	0.016
S	177	0.016
S	181	0.033
S	190	0.396
S	210	0.042
S	213	0.016
S	214	0.033
S	215	0.073
S	218	0.016
S	221	0.016
S	222	0.235
S	228	0.030
S	232	0.016
S	240	0.030
S	241	0.110
S	242	0.110
S	243	0.110
S	244	0.016
S	245	0.053
S	246	0.016
S	247	0.016
S	248	0.016
S	249	0.016
S	250	0.046
S	251	0.033
S	252	0.016
S	253	0.100
S	258	0.016
S	261	0.016
S	262	0.030
S	266	0.016
S	299	0.016
S	307	0.030
S	327	0.016
S	346	0.093
S	362	0.016
S	378	0.016
S	384	0.016
S	417	0.498
S	427	0.033
S	439	0.030
S	440	0.042
S	444	0.016
S	447	0.016
S	449	0.033
S	452	0.701
S	459	0.016
S	470	0.016
S	471	0.016
S	477	0.100
S	478	0.666
S	484	0.592
S	485	0.016
S	490	0.053
S	494	0.016
S	501	0.692
S	520	0.030
S	522	0.016
S	549	0.016
S	553	0.016
S	570	0.656
S	572	0.083
S	583	0.033
S	585	0.016
S	607	0.033
S	613	0.016
S	614	0.000
S	655	0.400
S	659	0.016
S	666	0.016
S	675	0.016
S	677	0.053
S	681	1.051
S	688	0.016
S	689	0.016
S	701	0.135
S	702	0.016
S	704	0.042
S	716	0.670
S	719	0.016
S	732	0.063
S	735	0.016
S	771	0.016
S	782	0.016
S	795	0.016
S	796	0.063
S	812	0.030
S	813	0.030
S	845	0.030
S	847	0.016
S	859	0.053
S	875	0.016
S	879	0.042
S	884	0.016
S	899	0.030
S	936	0.058
S	938	0.030
S	939	0.053
S	950	0.688
S	957	0.042
S	982	0.656
S	1020	0.016
S	1027	0.433
S	1070	0.016
S	1071	0.093
S	1074	0.016
S	1078	0.016
S	1084	0.016
S	1101	0.073
S	1104	0.030
S	1114	0.016
S	1118	0.661
S	1127	0.016
S	1141	0.016
S	1144	0.016
S	1147	0.016
S	1162	0.016
S	1165	0.016
S	1167	0.053
S	1176	0.400
S	1177	0.030
S	1179	0.016
S	1191	0.073
S	1208	0.016
S	1217	0.016
S	1219	0.030
S	1222	0.030
S	1228	0.016
S	1242	0.016
S	1247	0.016
S	1252	0.016
S	1258	0.042
S	1259	0.042
S	1261	0.016
S	1263	0.016
S	1264	0.166